nombre_empresa,website
Derecho y Contabilidad. Asesoría Integral. Especialistas en Herencias,http://www.derechoycontabilidad.es/?utm_source=google&utm_medium=mybusiness&utm_campaign=mybusiness
ABOGADOS PANTOJA,https://www.abogadospantoja.com/
Bufete G.Elías y Muñoz Abogados,https://www.eliasymunozabogados.com/
Bamboo.legal | Abogados Propiedad Intelectual e Industrial - Patentes y Marcas - Derecho Digital,https://bamboo.legal/?utm_source=google&utm_medium=organic&utm_campaign=gbp-madrid&utm_content=website
Abogado José Miguel Calvo Piñar,https://cpabogadosyasociados.com/
Administrativando Abogados en Madrid,https://administrativando.es/?utm_source=Google&utm_medium=Google+My+business&utm_campaign=administrativando-google-maps-madrid
Rodenas Abogados,https://rodenasabogados.es/abogados-madrid/
Despacho Jurídico Tomás Martínez & Asociados,http://www.despachotomasmartinez.com/
Ferrero Sagasta Abogados,http://ferrerosagasta.com/
RAUL GONZALEZ GALAN ABOGADOS,http://www.raulgonzalezgalan.com/
Leal Salazar Abogados,https://www.lealsalazarabogados.com/
Civic Abogados Laboralistas,https://civicabogados.com/?utm_source=google&utm_medium=local&utm_campaign=google_my_business
Pando Abogados,https://pandoabogados.es/
Laborconsulting Abogados,https://www.laborconsulting.es/divorcio-express.html
Fonseca Abogados,https://fonseca-abogados.es/
Global MCO Abogados,https://globalmco.org/
Abogados especialistas en litigación - Marcello Caramés,https://marcellocarames.com/
Círculo Legal,http://www.circulolegal.com/
Cervantes & García-Escribano | Abogados,https://cgeestudiojuridico.es/
Bufete Ius & Lex | Abogados Madrid,https://iuslex.legal/
J.L. Casajuana Abogados,http://www.jlcasajuanaabogados.com/
gestionae.es,http://gestionae.es/
Tasararte,http://www.tasararte.com/
FUERZA LEGAL ABOGADOS,https://www.fuerzalegal.es/
Summons Abogados,https://www.summons.es/
Durán & Durán Abogados,https://duranyduranabogados.com/despacho/abogados-madrid/
Vélez Dorado Abogados Urbanistas,https://www.velezdorado.com/
BCVLex Abogados,https://bcvlex.com/
"Lex Talionis Abogados, S.L.",https://www.lextalionisabogados.com/
Marta Sos-Abogada Digital,http://martasos.com/
Scudamore Law,https://www.scudamorelaw.com/
Dávalos Abogados,https://www.davalosabogados.com/
Linkia Legal,http://www.linkialegal.es/
Coworkingabogados,http://www.coworkingabogados.es/
Castellana Law Firm,http://www.castellanalawfirm.com/
Abogados Cuatro,http://www.abogadoscuatro.com/
Bufete Prolegue,https://www.bufeteprolegue.com/
LARRAURI & MARTÍ Abogados,https://www.larraurimarti.com/
Tráfico Ayuda | Abogado de Accidentes Madrid,https://traficoayuda.es/abogados-accidentes-trafico-madrid/?utm_source=gmb&utm_medium=organic&utm_campaign=gmb_website
Serrano Asociados,http://serranoasociados.com/
CCS Abogados,http://www.ccsabogados.com/
Abogados Salvador & Warden,http://www.salvadorwarden.com/
Gómez de Liaño y Márquez de Prado,https://gomezdelianoymarquezdeprado.es/
A2 Estudio Legal,http://a2estudiolegal.com/
Llamas & Bermejo Abogadas,https://www.llamasbermejoabogadas.es/
Colectivo Gran Vía Abogacía y Mediación,https://colectivogranvia.com/
Grupo Laboratorio Jurídico Abogados,https://laboratoriojuridico.com/
BUFETE ALBANÉS & ASOCIADOS SLP,https://www.bufete-albanes.com/
Lawyers and Accountants,https://www.landac.com/
